language,population,census
Hindi,337272114,1991
Bengali,69595738,1991
Telugu,66017615,1991
Marathi,62481681,1991
Tamil,53006368,1991
Urdu,43406932,1991
Gujarati,40673814,1991
Kannada,32753676,1991
Malayalam,30377176,1991
Oriya,28061313,1991
Punjabi,23378744,1991
Assamese,13079696,1991
Bhili/Bhilodi,5572308,1991
Santali,5216325,1991
Gondi,2124852,1991
Sindhi,2122848,1991
Nepali,2076645,1991
Konkani,1760607,1991
Tulu,1552259,1991
Kurukh/Oraon,1426618,1991
Manipuri,1270216,1991
Bodo/Boro,1221881,1991
Khandeshi,973709,1991
Ho,949216,1991
Khasi,912283,1991
Mundari,861378,1991
Tripuri,694940,1991
Garo,675642,1991
Kui,641662,1991
Lushai/Mizo,538842,1991
Halabi,534313,1991
Korku,466073,1991
Munda,413894,1991
Miri/Mishing,390583,1991
Karbi/Mikir,366229,1991
Savara,273168,1991
Koya,270994,1991
Kharia,225556,1991
Khond/Kondh,220783,1991
English,178598,1991
Nissi/Dafla,173791,1991
Ao,172449,1991
Sema,166157,1991
Kisan,162088,1991
Adi,158409,1991
Rabha,139365,1991
Konyak,137722,1991
Malto,108148,1991
Thado,107992,1991
Tangkhul,101841,1991
Kolami,98281,1991
Angami,97631,1991
Coorgi/Kodagu,97011,1991
Dogri,89681,1991
Dimasa,88543,1991
Lotha,85802,1991
Mao,77810,1991
Tibetan,69416,1991
Kabui,68925,1991
Phom,65350,1991
Hmar,65204,1991
Kinnauri,61794,1991
Bishnupuriya,59233,1991
Kuki,58263,1991
Kashmiri,56693,1991
Bhotia,55483,1991
Sanskrit,49736,1991
Paite,49237,1991
Chakru/Chokri,48207,1991
Sangtam,47461,1991
Yimchungre,47227,1991
Bhumij,45302,1991
Parji,44001,1991
Monpa,43226,1991
Wancho,39600,1991
Lepcha,39342,1991
Rengma,37521,1991
Zeliang,35079,1991
Lalung,33746,1991
Chang,32478,1991
Chakhesang,30985,1991
Nocte,30441,1991
Halam,29322,1991
Mishmi,29000,1991
Koda/Kora,28200,1991
Limbu,28174,1991
Gadaba,28158,1991
Mogh,28135,1991
Tangsa,28121,1991
Korwa,27485,1991
Liangmei,27478,1991
Lahnda,27386,1991
Nicobarese,26261,1991
Vaiphei,26185,1991
Koch,26179,1991
Jatapu,25730,1991
Khiemnungan,23544,1991
Lakher,22947,1991
Zemi,22634,1991
Lahauli,22027,1991
Arabic/Arbi,21975,1991
Deori,17901,1991
Konda,17864,1991
Juang,16858,1991
Sherpa,16105,1991
Zou,15966,1991
Pawi,15346,1991
Maring,15268,1991
Gangte,13695,1991
Kom,13548,1991
Khezha,13004,1991
Anal,12156,1991
Pochury,11231,1991
Maram,10144,1991
Assamese,13168484,2001
Bengali,83369769,2001
Bodo,1350478,2001
Dogri,2282589,2001
Gujarati,46091617,2001
Hindi,422048642,2001
Kannada,37924011,2001
Kashmiri,5527698,2001
Konkani,2489015,2001
Maithili,12179122,2001
Malayalam,33066392,2001
Manipuri,1466705,2001
Marathi,71936894,2001
Nepali,2871749,2001
Oriya,33017446,2001
Punjabi,29102477,2001
Sanskrit,14135,2001
Santali,6469600,2001
Sindhi,2535485,2001
Tamil,60793814,2001
Telugu,74002856,2001
Urdu,51536111,2001
Adi,198462,2001
Afghani/Kabuli/Pashto,11086,2001
Anal,23191,2001
Angami,132225,2001
Ao,261387,2001
Arabic/Arbi,51728,2001
Balti,20053,2001
Bhili/Bhilodi,9582957,2001
Bhotia,81012,2001
Bhumij,47443,2001
Bishnupuriya,77545,2001
Chakhesang,11415,2001
Chakru/Chokri,83560,2001
Chang,62408,2001
Coorgi/Kodagu,166187,2001
Deori,27960,2001
Dimasa,111961,2001
English,226449,2001
Gadaba,26262,2001
Gangte,14500,2001
Garo,889479,2001
Gondi,2713790,2001
Halabi,593443,2001
Halam,38275,2001
Hmar,83404,2001
Ho,1042724,2001
Jatapu,39331,2001
Juang,23708,2001
Kabui,94758,2001
Karbi/Mikir,419534,2001
Khandeshi,2075258,2001
Kharia,239608,2001
Khasi,1128575,2001
Khezha,40768,2001
Khiemnungan,37755,2001
Khond/Kondh,118597,2001
Kinnauri,65097,2001
Kisan,141088,2001
Koch,31119,2001
Koda/Kora,43030,2001
Kolami,121855,2001
Kom,14673,2001
Konda,56262,2001
Konyak,248109,2001
Korku,574481,2001
Korwa,34586,2001
Koya,362070,2001
Kui,916222,2001
Kuki,52873,2001
Kurukh/Oraon,1751489,2001
Ladakhi,104618,2001
Lahauli,22646,2001
Lahnda,92234,2001
Lakher,34751,2001
Lalung,27072,2001
Lepcha,50629,2001
Liangmei,34232,2001
Limbu,37265,2001
Lotha,170001,2001
Lushai/Mizo,674756,2001
Malto,224926,2001
Maram,37340,2001
Maring,22326,2001
Miri/Mishing,551224,2001
Mishmi,33955,2001
Mogh,30639,2001
Monpa,55876,2001
Munda,469357,2001
Mundari,1061352,2001
Nicobarese,28784,2001
Nissi/Dafla,211485,2001
Nocte,32957,2001
Paite,64100,2001
Parji,51216,2001
Pawi,24965,2001
Persian,11688,2001
Phom,122508,2001
Pochury,16744,2001
Rabha,164770,2001
Rai,14378,2001
Rengma,61345,2001
Sangtam,84273,2001
Savara,252519,2001
Sema,103529,2001
Sherpa,18342,2001
Shina,34390,2001
Simte,10225,2001
Tamang,17494,2001
Tangkhul,142035,2001
Tangsa,40086,2001
Thado,190595,2001
Tibetan,85278,2001
Tripuri,854023,2001
Tulu,1722768,2001
Vaiphei,39673,2001
Wancho,49072,2001
Yimchungre,92144,2001
Zeliang,61547,2001
Zemi,34110,2001
Zou,20857,2001
Others,1762388,2001
Assamese,15311351,2011
Bengali,97237669,2011
Bodo,1482929,2011
Dogri,2596767,2011
Gujarati,55492554,2011
Hindi,528347193,2011
Kannada,43706512,2011
Kashmiri,6797587,2011
Konkani,2256502,2011
Maithili,13583464,2011
Malayalam,34838819,2011
Manipuri,1761079,2011
Marathi,83026680,2011
Nepali,2926168,2011
Odia,37521324,2011
Punjabi,33124726,2011
Sanskrit,24821,2011
Santali,7368192,2011
Sindhi,2772264,2011
Tamil,69026881,2011
Telugu,81127740,2011
Urdu,50772631,2011
Adi,248834,2011
Anal,27217,2011
Angami,152796,2011
Ao,260008,2011
Balti,13774,2011
Bhotia,229954,2011
Bhumij,27506,2011
Bishnupuriya,79646,2011
Chakhesang,19846,2011
Chang,66852,2011
Deori,32376,2011
Dimasa,137184,2011
English,259678,2011
Gadaba,40976,2011
Gangte,16542,2011
Garo,1145323,2011
Gondi,2984453,2011
Halabi,766297,2011
Halam,38915,2011
Hmar,98988,2011
Ho,1421418,2011
Jatapu,20028,2011
Juang,30378,2011
Kabui,122931,2011
Khandeshi,1860236,2011
Kharia,297614,2011
Khasi,1431344,2011
Khezha,41625,2011
Khiemnungan,61983,2011
Kinnauri,83561,2011
Kisan,206100,2011
Koch,36434,2011
Kolami,128451,2011
Kom,15108,2011
Konda,60699,2011
Konyak,244477,2011
Korku,727133,2011
Korwa,28453,2011
Koya,407423,2011
Kui,941488,2011
Kuki,83968,2011
Ladakhi,14952,2011
Lahauli,11574,2011
Lahnda,108791,2011
Lakher,42429,2011
Lalung,33921,2011
Lepcha,47331,2011
Liangmei,49811,2011
Limbu,40835,2011
Lotha,179467,2011
Malto,234991,2011
Mao,240205,2011
Maram,32460,2011
Maring,25814,2011
Mishmi,44100,2011
Mogh,36665,2011
Monpa,13703,2011
Munda,505922,2011
Mundari,1128228,2011
Nicobarese,29099,2011
Nocte,30839,2011
Paite,79507,2011
Parji,52349,2011
Pawi,28639,2011
Phom,54416,2011
Pochury,21654,2011
Rabha,139986,2011
Rai,15644,2011
Rengma,65328,2011
Sangtam,76000,2011
Savara,409549,2011
Sema,10802,2011
Sherpa,16012,2011
Shina,32247,2011
Tamang,20154,2011
Tangkhul,187276,2011
Tangsa,38624,2011
Thado,229340,2011
Tibetan,182685,2011
Tripuri,1011294,2011
Tulu,1846427,2011
Vaiphei,42748,2011
Wancho,59154,2011
Yimchungre,83259,2011
Zeliang,63529,2011
Zemi,50925,2011
Zou,26545,2011
Others,1875542,2011
